run,immunised,duration,infected
7,0,431,99.9459483807036
3,0,479,99.9729741903518
9,0,487,99.9639655871357
4,0,515,99.9189225710554
5,0,518,99.9504526823116
6,0,524,99.9684698887438
10,0,447,99.9459483807036
2,0,498,99.9639655871357
8,0,522,99.9594612855277
1,0,560,99.9684698887438
12,0,504,99.9639655871357
11,0,544,99.9684698887438
16,0,456,99.9684698887438
18,0,499,99.9684698887438
14,0,525,99.9684698887438
19,0,508,99.9864870951759
15,0,584,99.9729741903518
13,0,571,99.9864870951759
17,0,548,99.9459483807036
20,0,535,99.9504526823116
21,0,471,99.9729741903518
23,0,465,99.9909913967839
24,0,424,99.9684698887438
26,0,418,99.9594612855277
22,0,547,99.9774784919598
32,0,22,0
25,0,500,99.9639655871357
28,0,479,99.9864870951759
27,0,567,99.9504526823116
29,0,480,99.9684698887438
31,0,465,99.9504526823116
33,0,435,99.9594612855277
34,0,422,99.9639655871357
37,0,477,99.9639655871357
36,0,464,99.9639655871357
35,0,476,99.9684698887438
30,0,562,99.9549569839197
39,0,480,99.9594612855277
38,0,573,99.9639655871357
41,0,567,99.9684698887438
43,0,525,99.9549569839197
46,0,475,99.9729741903518
42,0,557,99.9819827935679
48,0,452,99.9639655871357
45,0,556,99.9684698887438
44,0,575,99.9594612855277
49,0,427,99.9549569839197
40,0,612,99.9639655871357
47,0,536,99.9684698887438
50,0,532,99.9729741903518
56,0,443,99.9729741903518
54,0,480,99.9594612855277
52,0,509,99.9729741903518
51,0,545,99.9729741903518
57,0,493,99.9639655871357
55,0,600,99.9864870951759
53,0,552,99.9639655871357
58,0,507,99.9729741903518
61,0,468,99.9819827935679
64,0,373,99.9864870951759
62,0,457,99.9504526823116
59,0,616,99.9504526823116
65,0,470,99.9684698887438
60,0,611,99.9684698887438
63,0,563,99.9729741903518
66,0,368,99.9639655871357
67,0,506,99.9504526823116
69,0,436,99.9459483807036
68,0,556,99.9639655871357
70,0,482,99.9684698887438
71,0,509,99.9729741903518
75,0,415,99.9684698887438
72,0,425,99.9684698887438
74,0,482,99.9819827935679
73,0,553,99.9369397774875
76,0,595,99.9819827935679
78,0,472,99.9459483807036
77,0,555,99.9684698887438
81,0,506,99.9684698887438
82,0,506,99.9684698887438
79,0,506,99.9549569839197
84,0,475,99.9639655871357
80,0,628,99.9504526823116
83,0,514,99.9819827935679
85,0,510,99.9504526823116
86,0,583,99.9684698887438
87,0,550,99.9729741903518
88,0,642,99.9774784919598
90,0,510,99.9594612855277
93,0,428,99.9594612855277
89,0,543,99.9864870951759
92,0,539,99.9594612855277
91,0,533,99.9729741903518
94,0,486,99.9684698887438
95,0,486,99.9504526823116
96,0,497,99.9639655871357
97,0,518,99.9639655871357
98,0,384,99.9729741903518
100,0,445,99.9594612855277
99,0,526,99.9414440790955
103,5,416,99.9148924064587
101,5,560,99.9575647374822
102,5,593,99.9480819972547
105,5,548,99.9385992570273
106,5,501,99.9243751466861
104,5,558,99.9528233673685
109,5,482,99.9338578869136
108,5,581,99.9385992570273
107,5,590,99.9528233673685
112,5,461,99.9623061075959
110,5,557,99.9480819972547
111,5,521,99.9575647374822
113,5,525,99.943340627141
114,5,588,99.943340627141
115,5,557,99.9243751466861
118,5,495,99.9575647374822
116,5,507,99.9338578869136
120,5,490,99.9480819972547
117,5,578,99.9623061075959
119,5,627,99.9338578869136
121,5,695,99.9148924064587
123,5,655,99.943340627141
124,5,521,99.9623061075959
125,5,540,99.9243751466861
122,5,637,99.9623061075959
128,5,537,99.9385992570273
126,5,550,99.9196337765724
129,5,486,99.9148924064587
127,5,583,99.943340627141
130,5,607,99.9338578869136
131,5,542,99.9291165167999
137,5,393,99.9528233673685
132,5,542,99.9338578869136
133,5,558,99.9528233673685
136,5,543,99.9480819972547
138,5,480,99.9291165167999
135,5,507,99.9623061075959
134,5,646,99.9338578869136
141,5,477,99.9385992570273
143,5,514,99.9291165167999
140,5,627,99.9528233673685
142,5,608,99.9243751466861
145,5,556,99.9338578869136
144,5,604,99.9480819972547
146,5,613,99.9480819972547
139,5,678,99.9528233673685
148,5,561,99.9575647374822
150,5,435,99.9006682961175
147,5,664,99.943340627141
149,5,615,99.9480819972547
153,5,530,99.9385992570273
152,5,536,99.943340627141
151,5,618,99.9670474777096
154,5,597,99.943340627141
155,5,573,99.9575647374822
157,5,524,99.9528233673685
160,5,522,99.9575647374822
156,5,636,99.9291165167999
161,5,472,99.9528233673685
158,5,590,99.9243751466861
162,5,397,99.9528233673685
163,5,534,99.910151036345
159,5,606,99.943340627141
164,5,642,99.943340627141
165,5,609,99.9575647374822
167,5,492,99.9480819972547
166,5,606,99.943340627141
169,5,517,99.9338578869136
170,5,487,99.9575647374822
172,5,381,99.9385992570273
168,5,506,99.9623061075959
171,5,586,99.9291165167999
173,5,464,99.9385992570273
174,5,623,99.9338578869136
176,5,569,99.9338578869136
177,5,512,99.943340627141
179,5,412,99.9291165167999
175,5,662,99.9054096662313
178,5,529,99.943340627141
180,5,626,99.9623061075959
182,5,581,99.9291165167999
181,5,527,99.9338578869136
184,5,495,99.9243751466861
186,5,476,99.9528233673685
188,5,484,99.9385992570273
183,5,597,99.9291165167999
185,5,590,99.9528233673685
187,5,628,99.9670474777096
190,5,578,99.9480819972547
191,5,534,99.9338578869136
189,5,634,99.943340627141
192,5,530,99.9480819972547
194,5,586,99.9196337765724
197,5,508,99.8959269260038
195,5,513,99.910151036345
193,5,560,99.9338578869136
198,5,482,99.9385992570273
200,5,394,99.9291165167999
196,5,564,99.8959269260038
201,10,627,99.8753809888443
199,5,687,99.943340627141
204,10,575,99.9204240049247
203,10,597,99.8903953275378
205,10,569,99.8903953275378
206,10,602,99.8753809888443
202,10,562,99.8903953275378
207,10,551,99.8653714297154
208,10,609,99.8853905479733
209,10,514,99.8553618705864
211,10,642,99.8703762092799
213,10,497,99.8603666501509
214,10,441,99.9404431231826
210,10,631,99.9304335640537
212,10,594,99.9054096662313
217,10,522,99.9104144457957
215,10,677,99.8954001071023
216,10,601,99.9004048866668
218,10,628,99.9054096662313
223,10,546,99.8803857684088
221,10,567,99.9204240049247
220,10,597,99.8853905479733
219,10,657,99.8954001071023
222,10,610,99.8803857684088
224,10,668,99.9004048866668
226,10,498,99.8853905479733
225,10,646,99.9154192253602
229,10,484,99.9054096662313
227,10,511,99.8703762092799
228,10,640,99.8553618705864
233,10,519,99.9004048866668
234,10,554,99.840347531893
231,10,610,99.8954001071023
230,10,684,99.9204240049247
232,10,576,99.9104144457957
236,10,615,99.9154192253602
235,10,725,99.8803857684088
237,10,605,99.8954001071023
239,10,610,99.8753809888443
240,10,540,99.9354383436181
238,10,555,99.820328413635
241,10,584,99.9004048866668
242,10,605,99.8653714297154
243,10,613,99.9054096662313
244,10,556,99.8803857684088
248,10,462,99.9154192253602
245,10,712,99.9254287844892
246,10,624,99.9404431231826
247,10,569,99.8653714297154
249,10,466,99.8753809888443
251,10,523,99.8853905479733
252,10,623,99.9104144457957
253,10,572,99.9304335640537
250,10,580,99.9304335640537
258,10,507,99.9154192253602
255,10,572,99.9254287844892
254,10,463,99.8803857684088
260,10,446,99.8903953275378
256,10,631,99.8703762092799
259,10,645,99.8603666501509
257,10,611,99.8653714297154
261,10,526,99.8703762092799
262,10,467,99.9004048866668
265,10,537,99.9254287844892
267,10,595,99.9204240049247
268,10,562,99.9204240049247
264,10,671,99.9204240049247
263,10,671,99.9304335640537
269,10,577,99.8954001071023
266,10,592,99.8853905479733
270,10,661,99.9054096662313
271,10,603,99.9154192253602
272,10,705,99.8703762092799
274,10,576,99.8603666501509
275,10,599,99.840347531893
273,10,685,99.9404431231826
277,10,513,99.8653714297154
276,10,687,99.9404431231826
281,10,456,99.9004048866668
278,10,615,99.9004048866668
280,10,655,99.8603666501509
279,10,662,99.9004048866668
282,10,624,99.9204240049247
283,10,491,99.9154192253602
285,10,496,99.9254287844892
284,10,553,99.8703762092799
287,10,555,99.8903953275378
288,10,526,99.9104144457957
289,10,566,99.8503570910219
286,10,619,99.9104144457957
290,10,664,99.8703762092799
292,10,682,99.9104144457957
295,10,492,99.8803857684088
294,10,568,99.9104144457957
293,10,653,99.8903953275378
291,10,652,99.8903953275378
297,10,605,99.9154192253602
296,10,622,99.9304335640537
298,10,638,99.8954001071023
299,10,596,99.8753809888443
301,15,581,99.8312211691577
300,10,723,99.8903953275378
307,15,569,99.8524178826073
304,15,637,99.8365203475201
302,15,698,99.8365203475201
303,15,721,99.8259219907953
306,15,678,99.7782293855338
308,15,550,99.7570326720842
305,15,695,99.8736145960569
311,15,513,99.8630162393321
310,15,722,99.7517334937218
313,15,582,99.8312211691577
314,15,557,99.8100244557081
312,15,579,99.7888277422586
309,15,680,99.8471187042449
316,15,672,99.8577170609697
315,15,660,99.7994260989834
317,15,657,99.7888277422586
320,15,527,99.8471187042449
318,15,547,99.7888277422586
323,15,476,99.8471187042449
319,15,736,99.8630162393321
321,15,619,99.7782293855338
322,15,663,99.8524178826073
326,15,558,99.8206228124329
325,15,634,99.7888277422586
327,15,744,99.8047252773458
328,15,662,99.8365203475201
324,15,824,99.8259219907953
331,15,622,99.8259219907953
332,15,622,99.8153236340705
330,15,732,99.8312211691577
329,15,663,99.7623318504466
333,15,645,99.794126920621
336,15,491,99.8418195258825
335,15,677,99.8630162393321
334,15,738,99.8577170609697
338,15,520,99.8630162393321
337,15,692,99.7888277422586
340,15,597,99.8524178826073
341,15,607,99.8100244557081
339,15,665,99.8365203475201
343,15,673,99.7782293855338
346,15,549,99.7093400668227
345,15,613,99.8683154176945
344,15,681,99.7252376019098
342,15,674,99.7782293855338
349,15,500,99.8365203475201
348,15,527,99.8312211691577
351,15,535,99.8100244557081
350,15,637,99.7729302071714
347,15,609,99.8683154176945
352,15,628,99.8736145960569
354,15,685,99.794126920621
355,15,692,99.7729302071714
353,15,684,99.8206228124329
356,15,570,99.8153236340705
358,15,627,99.8100244557081
357,15,686,99.8259219907953
360,15,629,99.8365203475201
359,15,647,99.8577170609697
362,15,656,99.8100244557081
361,15,613,99.8206228124329
365,15,537,99.8577170609697
363,15,598,99.794126920621
367,15,645,99.767631028809
364,15,743,99.8736145960569
369,15,477,99.7994260989834
366,15,566,99.8047252773458
368,15,668,99.794126920621
370,15,683,99.7782293855338
374,15,605,99.8047252773458
371,15,735,99.8047252773458
372,15,642,99.8418195258825
373,15,713,99.8736145960569
376,15,651,99.8365203475201
378,15,485,99.7994260989834
379,15,579,99.8577170609697
375,15,657,99.8259219907953
377,15,762,99.7252376019098
380,15,638,99.8259219907953
382,15,713,99.8206228124329
381,15,735,99.7994260989834
387,15,476,99.8153236340705
385,15,613,99.7994260989834
383,15,611,99.8312211691577
384,15,644,99.8047252773458
388,15,597,99.8683154176945
389,15,524,99.7994260989834
386,15,604,99.8312211691577
390,15,671,99.8471187042449
393,15,686,99.8259219907953
391,15,713,99.8047252773458
392,15,704,99.8047252773458
395,15,563,99.8524178826073
394,15,769,99.8524178826073
397,15,701,99.8047252773458
398,15,675,99.8153236340705
396,15,821,99.794126920621
399,15,616,99.8047252773458
400,15,658,99.8524178826073
402,20,533,99.7139768478897
403,20,621,99.7815413720103
401,20,806,99.7139768478897
408,20,643,99.7027160938697
404,20,750,99.5450655375884
407,20,802,99.7364983559299
405,20,851,99.6801945858295
406,20,892,99.6689338318094
409,20,638,99.6745642088194
412,20,656,99.6745642088194
410,20,827,99.6689338318094
413,20,693,99.7027160938697
411,20,867,99.74212873294
418,20,635,99.6689338318094
414,20,749,99.6351515697491
417,20,798,99.6520427007792
416,20,853,99.6464123237692
415,20,805,99.5732174226386
419,20,734,99.7252376019098
421,20,560,99.6970857168596
420,20,812,99.6576730777893
422,20,705,99.6295211927391
424,20,561,99.7702806179902
423,20,854,99.6858249628395
426,20,647,99.7308679789199
427,20,666,99.6858249628395
425,20,816,99.6464123237692
432,20,586,99.7364983559299
429,20,722,99.6013693076888
430,20,773,99.6520427007792
428,20,772,99.6745642088194
431,20,747,99.618260438719
433,20,766,99.7139768478897
434,20,708,99.7590198639701
435,20,674,99.6576730777893
436,20,692,99.7590198639701
437,20,696,99.6801945858295
438,20,730,99.6126300617089
443,20,510,99.6689338318094
439,20,560,99.6013693076888
441,20,578,99.8040628800505
445,20,499,99.7027160938697
440,20,782,99.5901085536688
444,20,640,99.6633034547993
442,20,691,99.6069996846989
446,20,759,99.7139768478897
447,20,779,99.6351515697491
448,20,698,99.74212873294
449,20,773,99.6689338318094
454,20,655,99.6745642088194
452,20,762,99.5844781766587
451,20,644,99.618260438719
453,20,747,99.5732174226386
455,20,769,99.618260438719
456,20,643,99.7027160938697
457,20,598,99.7759109950002
450,20,861,99.6576730777893
458,20,651,99.6689338318094
463,20,606,99.6858249628395
459,20,734,99.5844781766587
461,20,730,99.7590198639701
460,20,805,99.6970857168596
464,20,688,99.7196072248998
462,20,730,99.7364983559299
465,20,690,99.6801945858295
467,20,666,99.6689338318094
466,20,797,99.5732174226386
468,20,711,99.5957389306788
469,20,632,99.7083464708797
470,20,619,99.6914553398496
473,20,726,99.6407819467592
472,20,743,99.7196072248998
471,20,787,99.6407819467592
477,20,623,99.6407819467592
475,20,864,99.6801945858295
476,20,670,99.6520427007792
478,20,762,99.7027160938697
479,20,783,99.5732174226386
474,20,911,99.7027160938697
480,20,828,99.6745642088194
482,20,734,99.6689338318094
481,20,755,99.6520427007792
483,20,732,99.5957389306788
484,20,575,99.7196072248998
486,20,525,99.6633034547993
485,20,696,99.7083464708797
487,20,727,99.7196072248998
488,20,605,99.6407819467592
492,20,547,99.6801945858295
490,20,788,99.6801945858295
489,20,726,99.7533894869601
491,20,753,99.6633034547993
494,20,705,99.6914553398496
493,20,780,99.6576730777893
498,20,560,99.7139768478897
497,20,685,99.6970857168596
496,20,826,99.7702806179902
495,20,741,99.618260438719
499,20,714,99.7252376019098
500,20,698,99.7083464708797
501,25,701,99.412939357086
502,25,848,99.4970196537694
504,25,757,99.3889164151765
503,25,795,99.4970196537694
505,25,797,99.3949221506539
506,25,878,99.3588877377896
509,25,731,99.4970196537694
507,25,847,99.3408705313574
508,25,826,99.3468762668348
511,25,646,99.4970196537694
512,25,732,99.4729967118598
510,25,932,99.364893473267
513,25,845,99.3408705313574
514,25,738,99.3108418539705
515,25,754,99.3288590604027
517,25,737,99.5871056859301
516,25,841,99.412939357086
518,25,881,99.4489737699503
521,25,676,99.5270483311563
520,25,597,99.4790024473372
522,25,723,99.4790024473372
519,25,739,99.4609852409051
523,25,671,99.491013918292
524,25,857,99.4489737699503
525,25,808,99.412939357086
527,25,716,99.4489737699503
526,25,782,99.4249508280408
529,25,778,99.4729967118598
531,25,701,99.4309565635182
533,25,659,99.4429680344729
528,25,802,99.4549795054277
534,25,635,99.5030253892467
532,25,743,99.286818912061
535,25,577,99.4369622989955
530,25,833,99.364893473267
536,25,765,99.412939357086
539,25,691,99.364893473267
538,25,763,99.3588877377896
537,25,821,99.4249508280408
541,25,706,99.2988303830158
540,25,706,99.4009278861313
542,25,629,99.3348647958801
544,25,754,99.5750942149753
543,25,871,99.4069336216086
546,25,694,99.3468762668348
548,25,814,99.4069336216086
551,25,725,99.4970196537694
549,25,746,99.4970196537694
552,25,676,99.3829106796991
545,25,867,99.539059802111
550,25,871,99.4850081828146
547,25,934,99.4009278861313
553,25,883,99.5090311247241
556,25,677,99.5270483311563
557,25,696,99.5030253892467
555,25,769,99.4069336216086
562,25,626,99.5090311247241
558,25,806,99.3769049442217
560,25,717,99.2928246475384
559,25,764,99.4069336216086
554,25,806,99.2928246475384
561,25,815,99.4369622989955
563,25,648,99.3408705313574
564,25,688,99.5931114214075
566,25,672,99.3288590604027
565,25,705,99.4369622989955
567,25,833,99.4489737699503
572,25,652,99.3048361184932
570,25,727,99.3048361184932
568,25,950,99.364893473267
573,25,717,99.4669909763825
569,25,870,99.4549795054277
571,25,885,99.4549795054277
574,25,745,99.4429680344729
576,25,724,99.3769049442217
575,25,911,99.5210425956789
578,25,724,99.3348647958801
577,25,789,99.5330540666336
580,25,660,99.4069336216086
579,25,868,99.3949221506539
581,25,741,99.5330540666336
582,25,661,99.2207558218098
585,25,709,99.4549795054277
586,25,712,99.4249508280408
587,25,710,99.4429680344729
588,25,736,99.3288590604027
584,25,952,99.3588877377896
583,25,892,99.3468762668348
589,25,738,99.3468762668348
590,25,762,99.4729967118598
593,25,662,99.5090311247241
594,25,680,99.3889164151765
592,25,691,99.4970196537694
591,25,967,99.4429680344729
597,25,737,99.5210425956789
596,25,782,99.5330540666336
595,25,863,99.412939357086
599,25,759,99.5330540666336
600,25,767,99.5330540666336
601,30,847,98.5734233335693
602,30,801,99.0045493446241
598,25,894,99.491013918292
604,30,870,98.5026414511573
603,30,790,99.152547826031
606,30,846,98.8565508632172
607,30,864,98.9080285958805
605,30,904,98.805073130554
609,30,971,98.9852451948754
608,30,1019,99.1075048099507
610,30,960,99.0753312270361
611,30,973,98.9916799114583
614,30,759,98.9916799114583
613,30,880,98.9723757617096
615,30,857,99.0431576441216
616,30,798,98.9015938792976
612,30,953,98.9208980290463
617,30,984,99.0045493446241
618,30,829,98.7021176652274
619,30,895,98.9916799114583
621,30,663,98.8565508632172
620,30,808,98.7085523818103
623,30,789,98.9015938792976
624,30,948,99.0238534943729
629,30,771,98.9981146280412
625,30,974,98.8565508632172
626,30,776,98.9144633124634
627,30,1000,99.0302882109557
622,30,892,98.6956829486445
628,30,947,98.9723757617096
631,30,800,98.6055969164838
630,30,861,98.7793342642224
632,30,771,98.8308119968856
637,30,644,98.7857689808052
633,30,910,98.8694202963831
634,30,912,98.5991621999009
635,30,916,99.0431576441216
641,30,701,99.0174187777899
640,30,708,99.010984061207
638,30,845,98.7600301144736
639,30,972,98.9530716119609
636,30,1015,98.8372467134685
642,30,809,98.8179425637198
645,30,734,98.8951591627147
644,30,818,99.010984061207
654,30,22,0
643,30,937,99.0560270772874
646,30,843,99.1010700933678
648,30,845,99.0624617938703
647,30,920,98.9273327456292
650,30,802,98.9530716119609
652,30,733,98.9530716119609
651,30,644,98.6442052159813
649,30,906,98.9208980290463
653,30,906,98.7728995476394
655,30,859,98.9723757617096
657,30,804,98.9659410451267
656,30,872,98.8436814300514
658,30,889,98.7728995476394
662,30,596,99.2361991416088
659,30,964,99.010984061207
661,30,862,98.8694202963831
660,30,960,98.6892482320616
664,30,748,98.8179425637198
663,30,818,98.8822897295489
665,30,855,98.940202178795
666,30,991,98.7407259647249
668,30,841,98.9530716119609
667,30,1031,99.0882006602019
671,30,679,98.940202178795
670,30,903,98.9273327456292
672,30,877,98.7600301144736
669,30,785,99.0560270772874
673,30,866,98.7857689808052
676,30,690,98.7407259647249
677,30,714,98.946636895378
675,30,919,98.9981146280412
674,30,820,98.4382942853282
678,30,908,99.0174187777899
683,30,638,98.7407259647249
679,30,923,98.9788104782925
681,30,895,98.6184663496496
680,30,1026,98.5862927667351
685,30,764,99.0495923607045
684,30,856,98.8243772803027
688,30,753,99.1332436762823
686,30,880,98.7535953978907
682,30,1023,98.7728995476394
689,30,873,98.9208980290463
687,30,855,98.8629855798001
690,30,912,99.0560270772874
692,30,885,98.8243772803027
693,30,752,98.7793342642224
691,30,920,98.7471606813078
694,30,776,98.9852451948754
697,30,754,99.010984061207
696,30,887,98.8887244461318
695,30,918,99.1461131094481
698,30,946,98.8308119968856
700,30,781,98.8436814300514
701,35,977,97.9928139065115
704,35,1029,97.9650951273851
702,35,1041,97.8126418421901
699,30,991,98.8822897295489
706,35,743,97.7641339787189
703,35,1101,97.8542200108796
707,35,1099,98.2284235290857
708,35,864,97.8334309265349
710,35,861,97.6393994726502
709,35,981,98.1521968864881
705,35,1135,97.9443060430403
711,35,1070,97.8750090952244
715,35,945,98.138337496925
712,35,1088,98.2076344447409
714,35,1184,97.7364151995925
718,35,831,98.3115798664648
717,35,946,96.8632736571118
716,35,1069,98.1452671917065
713,35,1246,97.6463291674318
719,35,1078,97.5008055770184
721,35,798,97.8542200108796
723,35,822,98.2214938343041
722,35,909,98.0759702438906
720,35,1026,97.7849230630637
724,35,945,97.6809776413398
726,35,1033,97.9997436012931
725,35,1022,97.8750090952244
727,35,1024,97.9650951273851
730,35,777,97.7294855048109
729,35,926,98.2422829186489
731,35,759,97.5215946613631
734,35,759,97.6740479465582
733,35,758,98.1937750551777
728,35,961,98.0621108543274
732,35,1001,97.9858842117299
737,35,885,97.7572042839373
736,35,942,97.5354540509263
740,35,709,97.847290316098
735,35,1123,97.6740479465582
739,35,910,98.0898296334538
738,35,975,96.8632736571118
742,35,883,98.1799156656145
741,35,1086,98.2284235290857
744,35,981,97.7849230630637
743,35,995,97.7433448943741
746,35,869,97.6879073361214
747,35,959,98.2284235290857
748,35,963,97.8195715369717
745,35,1062,98.1106187177986
749,35,886,98.0066732960747
757,35,22,0
750,35,922,98.256142308212
752,35,776,97.9373763482587
751,35,919,97.694837030903
753,35,1103,97.7918527578453
759,35,783,97.9789545169483
756,35,905,98.1937750551777
755,35,1034,97.8057121474085
758,35,970,97.8126418421901
761,35,854,97.473086797892
760,35,1036,97.7364151995925
754,35,1121,97.8680794004428
762,35,934,96.9810784683989
764,35,999,97.3830007657313
765,35,824,97.9858842117299
763,35,950,97.6393994726502
766,35,967,97.8542200108796
769,35,999,97.7779933682821
768,35,1132,97.9789545169483
767,35,1234,97.8195715369717
770,35,1162,97.5493134404895
771,35,913,98.1729859708329
772,35,1114,98.0413217699826
773,35,936,97.6671182517766
774,35,1078,97.4800164926736
776,35,946,97.7502745891557
779,35,812,97.8542200108796
777,35,1020,98.0343920752011
778,35,1053,97.9096575691324
775,35,1135,97.4869461874552
780,35,1110,97.5077352718
782,35,990,97.9304466534772
781,35,932,98.0066732960747
783,35,1006,97.9928139065115
784,35,1041,98.138337496925
785,35,1014,98.1452671917065
787,35,967,98.0482514647642
786,35,1102,98.0759702438906
788,35,968,97.7364151995925
790,35,838,98.1521968864881
789,35,994,98.0343920752011
791,35,1167,97.847290316098
792,35,1029,97.6671182517766
795,35,828,97.4800164926736
793,35,1014,97.7710636735005
796,35,776,98.0898296334538
805,40,22,0
794,35,1186,97.9443060430403
797,35,896,97.7086964204662
798,35,1018,97.7918527578453
799,35,1031,97.8750090952244
809,40,155,0.202693572361605
800,35,927,98.138337496925
801,40,1069,96.0992748074411
803,40,1272,96.2494181943756
804,40,1233,94.2149753014128
815,40,22,0
806,40,1216,96.4070687506569
817,40,31,0.007507169346726
807,40,1140,94.8831133732715
802,40,1201,95.6113087999039
808,40,1303,94.154917946639
811,40,1096,95.0707926069396
810,40,1200,94.6654054622164
813,40,1022,94.6053481074426
812,40,997,95.033256760206
819,40,957,94.7705058330706
816,40,1172,95.3485578727685
821,40,1029,95.2960076873414
814,40,1405,95.4086152275423
824,40,829,95.5887872918637
822,40,1131,94.2224824707596
823,40,1203,94.6353767848295
818,40,1514,95.6863804933712
820,40,1229,95.11583562302
826,40,1094,95.7839736948786
825,40,1091,94.9957209134724
828,40,1141,95.8515382189991
829,40,1037,95.7013948320646
827,40,1133,95.4236295662358
832,40,982,95.1383571310602
831,40,1053,95.498701259703
830,40,1120,95.0858069456331
833,40,1100,95.4761797516628
834,40,965,94.8455775265378
835,40,1050,95.8515382189991
838,40,828,95.6938876627179
836,40,1139,96.2719397024158
839,40,1211,95.1909073164872
837,40,1278,95.8740597270393
842,40,1006,94.2675254868399
840,40,1295,96.3169827184962
841,40,1357,96.294461210456
845,40,877,96.0317102833206
843,40,1394,95.4911940903563
844,40,1230,95.2284431632209
846,40,1227,96.2043751782953
848,40,1069,96.0016816059337
857,40,44,0.022521508040178
847,40,1144,96.5271834602045
849,40,1322,96.0767532994009
850,40,1284,95.4686725823161
851,40,1266,96.3019683798027
853,40,1044,95.0557782682462
852,40,1233,95.3485578727685
854,40,1182,95.6938876627179
856,40,1132,95.2809933486479
858,40,1115,95.6338303079441
855,40,1164,94.1173820999054
860,40,1135,95.7389306787983
862,40,1074,94.6128552767893
863,40,1011,95.2734861793012
861,40,1139,96.3019683798027
859,40,1246,95.1458643004069
864,40,1171,95.5587586144768
865,40,1019,96.6097623230185
866,40,981,94.3876401963876
867,40,1222,95.5212227677432
870,40,955,94.8230560184977
872,40,1115,95.5587586144768
874,40,913,95.4761797516628
869,40,1419,94.9131420506584
868,40,1158,95.7239163401048
871,40,1228,95.6413374772908
875,40,1036,94.9731994054322
873,40,1005,95.11583562302
876,40,1239,95.2659790099545
878,40,1167,95.6263231385974
877,40,1300,94.8981277119649
879,40,1123,96.3169827184962
881,40,1228,95.2885005179947
880,40,1264,94.8380703571911
884,40,1223,95.2359503325676
882,40,1046,95.8740597270393
883,40,1223,95.3936008888489
893,40,34,0.007507169346726
885,40,1097,93.9672387129709
886,40,1170,94.7780130024173
887,40,1116,95.5437442757834
888,40,992,95.4011080581956
889,40,1096,95.3710793808087
890,40,1110,95.5737729531703
901,45,32,0.016379278574675
891,40,1204,95.0858069456331
903,45,40,0.008189639287338
895,40,906,94.8530846958846
892,40,1213,95.6113087999039
894,40,1210,95.9416242511599
897,40,1304,95.0257495908593
900,40,857,95.198414485834
896,40,1135,96.1818536702551
898,40,1044,94.9656922360855
899,40,1076,95.4836869210096
902,45,1256,85.999402156332
905,45,1246,89.6765501963466
906,45,1632,89.5373263284619
907,45,1682,83.2558729950739
916,45,32,0.008189639287338
904,45,1876,89.2998267891291
909,45,1641,89.127844364095
911,45,1742,88.7756898747395
908,45,1908,88.3580182710852
912,45,1846,87.5636232602135
913,45,1352,85.5489719955284
923,45,22,0
910,45,1909,88.1860358460511
914,45,1148,92.3709415218807
915,45,1616,85.6800062241259
918,45,1586,85.1804382275983
928,45,33,0.024568917862013
917,45,1628,87.23603768872
930,45,47,0.106465310735389
920,45,1467,89.1606029212443
924,45,1350,82.723546441397
919,45,1754,89.8485326213807
921,45,1748,83.0511320128905
922,45,1817,80.9382050767574
925,45,1661,90.1106010785755
929,45,1424,88.1123290924651
937,45,113,0.64698150369967
931,45,1460,85.5653512741031
926,45,1575,88.6610349247167
934,45,1309,80.9627739946194
933,45,1420,89.1851718391063
936,45,1131,86.3269877278255
940,45,148,0.843532846595771
932,45,1651,85.5899201919651
946,45,22,0
927,45,2135,85.8437990098726
935,45,1495,82.2649266413061
949,45,91,0.229309900045452
948,45,294,2.39956431118991
938,45,1349,89.226120035543
942,45,1488,89.3735335427151
947,45,1366,87.5636232602135
944,45,1658,89.2343096748304
941,45,1520,89.5946538034732
943,45,1634,86.8183660850658
939,45,1657,88.2679322389245
956,45,95,0.212930621470777
958,45,64,0.147413507172077
945,45,1761,87.211468770858
950,45,1414,88.6118970889927
951,45,2030,90.3972384536323
952,45,1690,81.462341991147
953,45,1256,86.1058674670674
955,45,1439,90.536462321517
957,45,1571,89.201551117681
954,45,1847,84.9511283275528
961,45,1380,84.639922034634
960,45,1235,84.4269914131632
963,45,1312,85.4179377669311
962,45,1718,87.9239673888564
964,45,1298,91.0032717608953
968,45,1108,87.5718128995008
959,45,2078,82.797253194983
966,45,1673,85.4916445205171
965,45,1808,83.1903558807752
969,45,1375,85.4506963240804
971,45,1099,92.6821478147995
979,45,70,0.229309900045452
970,45,1405,86.2450913349521
967,45,2020,89.4062920998644
973,45,1499,84.7955251810934
976,45,1223,88.4317250246713
972,45,1689,79.2265704657038
974,45,1260,81.486910909009
977,45,1543,85.3114724561957
978,45,1327,89.1687925605317
982,45,1483,86.4744012349976
975,45,1700,88.595517810418
980,45,1810,83.9356130559229
985,45,1337,82.1338924127087
984,45,1729,90.8067204179992
983,45,2022,89.5209470498872
981,45,1880,87.4571579494781
986,45,1941,83.2149247986373
995,45,22,0
989,45,1166,85.8519886491599
987,45,1810,85.9420746813207
991,45,1202,87.866639913845
988,45,2120,77.9162281797298
990,45,1372,80.3649303266438
992,45,1563,87.964915585293
1002,50,101,0.405387144723211
1003,50,29,0.027025809648214
1005,50,24,0.009008603216071
993,45,1628,87.0968138208353
1007,50,78,0.045043016080357
994,45,1668,87.5718128995008
998,45,1134,87.9485363067184
1001,50,631,5.03580919778388
1004,50,477,3.38723480924283
997,45,1371,89.0541376105089
1000,45,1432,82.6580293270983
1013,50,22,0
996,45,2034,81.1757046160902
1006,50,725,12.1526057384802
999,45,1665,86.7282800529051
1018,50,72,0.054051619296428
1011,50,447,2.32421962974641
1020,50,29,0.018017206432143
1019,50,145,0.846808702310707
1016,50,484,7.88252781406243
1022,50,171,1.07202378271249
1023,50,22,0
1015,50,690,5.75649745506959
1009,50,1618,43.3403900725193
1012,50,1005,15.8371244538534
1008,50,1559,36.1244988964461
1021,50,784,9.9995495698392
1026,50,284,1.95486689788748
1025,50,537,4.18900049547318
1028,50,104,0.099094635376785
1017,50,1317,44.4844826809603
1034,50,22,0
1032,50,104,0.432412954371425
1014,50,1497,44.2953020134228
1024,50,948,11.2967884329535
1010,50,2143,27.4852484122337
1035,50,568,6.17089320300887
1040,50,64,0.207197873969641
1036,50,652,10.3869195081303
1029,50,1014,27.1789559028873
1027,50,1119,29.8184766451962
1042,50,124,0.351335525426783
1031,50,753,6.95464168280708
1039,50,536,3.56740687356425
1046,50,144,0.387369938291068
1045,50,237,1.37831629205892
1030,50,1339,26.4492590423855
1033,50,969,17.9631548128463
1050,50,26,0.009008603216071
1051,50,33,0.027025809648214
1053,50,181,0.711679654069637
1043,50,617,10.3869195081303
1054,50,126,0.378361335074997
1044,50,691,7.02671050853565
1041,50,965,15.6029007702356
1052,50,542,10.1346786180803
1048,50,618,7.6392955272285
1047,50,798,15.3686770866177
1057,50,331,1.9188324850232
1056,50,353,4.35115535336246
1058,50,445,4.06288005044818
1062,50,332,2.18909058150534
1038,50,2345,69.8346921309851
1064,50,131,0.477455970451781
1037,50,2478,50.006756452412
1067,50,147,0.387369938291068
1063,50,362,2.74762398090176
1069,50,64,0.090086032160714
1059,50,848,10.1076528084321
1049,50,1665,30.7643799828837
1065,50,594,7.63028692401243
1074,50,101,0.153146254673213
1068,50,699,6.04477275798388
1066,50,915,33.1967028512229
1061,50,1192,17.2424665555606
1060,50,1302,18.9090581505338
1055,50,2291,49.1419305436692
1080,50,206,1.26120445024999
1078,50,569,8.93653439034278
1075,50,824,10.9004098914463
1071,50,1632,37.5478582045854
1084,50,103,0.432412954371425
1082,50,330,2.23413359758569
1083,50,371,6.54925453808387
1076,50,1223,13.9723435881267
1070,50,1831,44.9979730642764
1085,50,393,4.70249087878924
1077,50,1534,12.5670014864195
1072,50,2121,33.8182964731318
1092,50,110,0.126120445024999
1087,50,548,10.5310571595874
1093,50,60,0.054051619296428
1086,50,611,3.91874239899104
1094,50,144,0.450430160803567
1081,50,1382,18.3415161479213
1088,50,862,8.90950858069456
1091,50,646,10.0626097923517
1100,50,82,0.252240890049998
1095,50,602,4.42322417909103
1102,55,22,0
1101,55,71,0.340325010384918
1079,50,2073,41.9981081933246
1073,50,3223,60.5828566280798
1104,55,130,0.520497074706345
1103,55,144,0.2202103008373
1108,55,22,0
1097,50,632,7.53119228863565
1105,55,83,0.300286773869045
1107,55,87,0.410391924287695
1111,55,128,0.460439719932536
1112,55,185,0.480458838190472
1110,55,275,1.55148166499007
1114,55,95,0.240229419095236
1113,55,189,0.410391924287695
1109,55,518,2.58246625527379
1116,55,190,0.730697816414676
1096,50,1532,55.1686860952209
1118,55,35,0.010009559128968
1117,55,113,0.280267655611109
1106,55,659,3.81364202813687
1123,55,26,0.010009559128968
1119,55,108,0.510487515577376
1124,55,49,0.070066913902777
1126,55,73,0.330315451255949
1125,55,133,0.420401483416663
1127,55,51,0.070066913902777
1099,50,1458,31.0976983018783
1089,50,1704,20.0531507589748
1130,55,66,0.080076473031745
1131,55,43,0.100095591289682
1129,55,141,1.08103238592856
1128,55,174,0.360344128642854
1122,55,307,3.75358467336306
1120,55,362,4.34414866197218
1136,55,22,0
1132,55,127,0.620592665996026
1115,55,717,5.44520016615868
1133,55,109,0.390372806029758
1121,55,509,2.38227507269442
1134,55,151,0.690659579898803
1139,55,85,0.240229419095236
1137,55,80,0.2202103008373
1140,55,109,0.290277214740077
1144,55,52,0.070066913902777
1143,55,74,0.070066913902777
1142,55,89,0.180172064321427
1146,55,113,0.350334569513886
1148,55,79,0.200191182579363
1135,55,273,0.880841203349199
1098,50,1984,41.5927210486014
1153,55,22,0
1141,55,178,1.23117577286308
1152,55,70,0.120114709547618
1090,50,2420,37.5208323949372
1155,55,51,0.080076473031745
1157,55,77,0.310296332998013
1159,55,22,0
1151,55,200,0.470449279061504
1156,55,121,0.350334569513886
1158,55,84,0.090086032160714
1147,55,313,2.09199785795435
1160,55,22,0
1164,55,31,0.030028677386905
1154,55,213,0.450430160803567
1149,55,354,3.37322142646227
1145,55,407,2.39228463182339
1167,55,29,0.010009559128968
1150,55,328,2.8927625882718
1169,55,89,0.120114709547618
1162,55,191,1.29123312763689
1168,55,155,0.260248537353172
1138,55,562,3.37322142646227
1173,55,100,0.300286773869045
1165,55,308,2.80267655611109
1174,55,104,0.260248537353172
1171,55,221,0.570544870351185
1163,55,280,1.97188314840673
1166,55,370,5.13490383316067
1161,55,425,3.1129728891091
1181,55,22,0
1179,55,119,0.640611784253963
1183,55,25,0.010009559128968
1177,55,146,1.31125224589483
1186,55,108,0.310296332998013
1182,55,193,1.09104194505753
1176,55,345,5.05482736012892
1172,55,476,5.19496118793448
1180,55,181,1.42135739631348
1185,55,227,1.15109929983134
1187,55,73,0.090086032160714
1188,55,133,0.770736052930549
1170,55,701,3.85368026465274
1184,55,312,1.47140519195832
1191,55,111,0.510487515577376
1195,55,62,0.050047795644841
1175,55,492,5.70544870351185
1198,55,29,0.020019118257936
1197,55,75,0.170162505192459
1192,55,229,0.530506633835313
1199,55,82,0.150143386934522
1193,55,255,1.03098459028372
1202,60,45,0.123868294220981
1190,55,309,0.820783848575389
1203,60,22,0
1205,60,31,0.022521508040178
1204,60,34,0.022521508040178
1178,55,608,5.43519060702971
1196,55,235,1.05100370854166
1206,60,59,0.247736588441962
1210,60,22,0
1189,55,410,3.72355599597616
1208,60,63,0.168911310301338
1207,60,71,0.191432818341516
1201,60,121,0.371604882662943
1213,60,39,0.056303770100446
1194,55,315,1.97188314840673
1211,60,79,0.191432818341516
1200,55,237,0.930888998994039
1212,60,83,0.326561866582586
1218,60,52,0.13512904824107
1209,60,147,0.304040358542408
1221,60,22,0
1215,60,113,0.472951668843746
1219,60,74,0.157650556281249
1220,60,40,0.056303770100446
1222,60,48,0.056303770100446
1217,60,92,0.517994684924102
1230,60,22,0
1224,60,48,0.067564524120535
1229,60,46,0.045043016080357
1228,60,43,0.180172064321427
1225,60,100,0.28151885050223
1234,60,26,0.011260754020089
1216,60,151,0.55177694698437
1235,60,31,0.033782262060268
1227,60,124,0.27025809648214
1231,60,67,0.078825278140624
1237,60,30,0.033782262060268
1232,60,107,0.292779604522319
1239,60,62,0.067564524120535
1241,60,80,0.180172064321427
1214,60,348,1.31750822035043
1238,60,140,0.506733930904013
1223,60,288,1.20490068014954
1245,60,65,0.101346786180803
1242,60,151,0.653123733165173
1243,60,186,1.01346786180803
1233,60,259,1.09229313994865
1244,60,102,0.157650556281249
1236,60,297,1.95937119949552
1226,60,378,1.45263726859151
1251,60,33,0.011260754020089
1255,60,25,0.022521508040178
1254,60,22,0
1248,60,124,0.213954326381694
1253,60,43,0.067564524120535
1247,60,146,0.450430160803567
1256,60,55,0.056303770100446
1259,60,45,0.045043016080357
1240,60,284,0.799513535426332
1249,60,135,1.23868294220981
1252,60,68,0.146389802261159
1250,60,156,0.360344128642854
1261,60,61,0.28151885050223
1267,60,22,0
1258,60,135,0.382865636683032
1260,60,123,0.495473176883924
1257,60,174,0.472951668843746
1268,60,62,0.13512904824107
1263,60,119,0.675645241205351
1269,60,57,0.056303770100446
1266,60,114,0.450430160803567
1272,60,33,0.045043016080357
1275,60,22,0
1273,60,44,0.078825278140624
1262,60,225,0.720688257285708
1271,60,125,0.382865636683032
1246,60,467,2.11702175577677
1274,60,120,0.495473176883924
1278,60,58,0.123868294220981
1276,60,87,0.495473176883924
1277,60,106,0.292779604522319
1270,60,187,0.957164091707581
1279,60,59,0.123868294220981
1283,60,22,0
1280,60,82,0.247736588441962
1289,60,24,0.022521508040178
1265,60,296,1.52020179271204
1288,60,73,0.146389802261159
1264,60,373,2.2859330660781
1285,60,120,0.664384487185262
1291,60,50,0.022521508040178
1294,60,35,0.011260754020089
1296,60,23,0.011260754020089
1295,60,39,0.067564524120535
1293,60,93,0.123868294220981
1290,60,127,0.394126390703122
1287,60,180,0.540516192964281
1281,60,210,0.55177694698437
1282,60,247,1.41885500653124
1297,60,48,0.090086032160714
1300,60,48,0.146389802261159
1303,65,38,0.038608299497449
1292,60,160,0.517994684924102
1305,65,49,0.025738866331633
1301,65,60,0.064347165829081
1302,65,74,0.283127529647957
1286,60,306,1.43011576055133
1306,65,75,0.180172064321427
1309,65,22,0
1308,65,42,0.090086032160714
1310,65,22,0
1298,60,107,0.427908652763389
1313,65,24,0.012869433165816
1284,60,303,1.45263726859151
1304,65,156,0.283127529647957
1314,65,32,0.025738866331633
1317,65,40,0.025738866331633
1312,65,96,0.27025809648214
1320,65,28,0.025738866331633
1321,65,46,0.10295546532653
1315,65,78,0.10295546532653
1299,60,230,1.71163461105356
1318,65,71,0.283127529647957
1319,65,79,0.27025809648214
1323,65,51,0.167302631155611
1325,65,38,0.012869433165816
1326,65,36,0.025738866331633
1329,65,27,0.012869433165816
1332,65,25,0.012869433165816
1330,65,51,0.051477732663265
1311,65,192,0.527646759798465
1322,65,116,0.347474695477038
1334,65,22,0
1335,65,22,0
1324,65,121,0.360344128642854
1328,65,87,0.37321356180867
1331,65,91,0.27025809648214
1327,65,152,0.527646759798465
1316,65,188,0.978076920602032
1333,65,68,0.128694331658162
1341,65,22,0
1338,65,45,0.051477732663265
1336,65,91,0.308866395979589
1342,65,40,0.038608299497449
1339,65,57,0.205910930653059
1347,65,22,0
1348,65,22,0
1344,65,44,0.051477732663265
1346,65,42,0.064347165829081
1340,65,89,0.27025809648214
1353,65,35,0.012869433165816
1345,65,92,0.218780363818876
1307,65,322,2.18780363818876
1337,65,145,0.411821861306119
1350,65,56,0.154433197989795
1355,65,27,0.025738866331633
1349,65,98,0.411821861306119
1356,65,22,0
1360,65,36,0.051477732663265
1362,65,24,0.012869433165816
1354,65,88,0.244519230150508
1359,65,56,0.10295546532653
1363,65,38,0.064347165829081
1358,65,67,0.193041497487243
1343,65,175,0.900860321607135
1352,65,168,0.630602225124994
1366,65,41,0.012869433165816
1357,65,104,0.694949390954075
1370,65,31,0.051477732663265
1368,65,49,0.051477732663265
1365,65,96,0.37321356180867
1367,65,75,0.141563764823978
1361,65,159,0.617732791959178
1373,65,47,0.064347165829081
1364,65,125,0.283127529647957
1371,65,97,0.295996962813773
1351,65,281,1.27407388341581
1376,65,43,0.115824898492346
1379,65,22,0
1383,65,22,0
1382,65,47,0.115824898492346
1374,65,101,0.244519230150508
1369,65,131,0.553385626130097
1372,65,83,0.450430160803567
1381,65,72,0.193041497487243
1378,65,98,0.141563764823978
1387,65,22,0
1389,65,42,0.038608299497449
1390,65,34,0.025738866331633
1386,65,69,0.180172064321427
1375,65,157,0.682079957788259
1392,65,64,0.090086032160714
1377,65,186,1.41563764823978
1393,65,49,0.115824898492346
1385,65,114,0.669210524622443
1399,65,24,0.012869433165816
1396,65,53,0.038608299497449
1395,65,75,0.077216598994897
1398,65,40,0.038608299497449
1394,65,98,0.386082994974486
1391,65,88,0.540516192964281
1384,65,163,0.27025809648214
1402,70,44,0.120114709547618
1380,65,219,0.823643722612237
1400,65,49,0.051477732663265
1397,65,92,0.347474695477038
1404,70,52,0.105100370854166
1405,70,42,0.060057354773809
1406,70,35,0.030028677386905
1403,70,66,0.13512904824107
1408,70,34,0.045043016080357
1401,70,86,0.180172064321427
1411,70,22,0
1407,70,62,0.090086032160714
1410,70,51,0.060057354773809
1413,70,22,0
1409,70,64,0.075071693467261
1412,70,38,0.015014338693452
1419,70,22,0
1422,70,22,0
1417,70,59,0.075071693467261
1421,70,49,0.030028677386905
1423,70,29,0.015014338693452
1388,65,195,0.656341091456627
1416,70,68,0.13512904824107
1415,70,75,0.165157725627975
1426,70,22,0
1427,70,31,0.060057354773809
1430,70,41,0.045043016080357
1420,70,106,0.750716934672612
1414,70,135,0.720688257285708
1428,70,50,0.075071693467261
1418,70,134,0.420401483416663
1432,70,35,0.015014338693452
1431,70,44,0.090086032160714
1435,70,22,0
1429,70,95,0.150143386934522
1424,70,82,0.165157725627975
1434,70,39,0.045043016080357
1425,70,94,0.090086032160714
1433,70,60,0.210200741708331
1437,70,49,0.120114709547618
1440,70,42,0.015014338693452
1445,70,22,0
1438,70,48,0.090086032160714
1439,70,40,0.13512904824107
1441,70,37,0.045043016080357
1444,70,39,0.030028677386905
1448,70,22,0
1452,70,22,0
1443,70,43,0.105100370854166
1446,70,65,0.375358467336306
1449,70,41,0.060057354773809
1454,70,23,0.015014338693452
1456,70,22,0
1455,70,34,0.030028677386905
1453,70,55,0.13512904824107
1451,70,71,0.120114709547618
1447,70,93,0.180172064321427
1450,70,86,0.27025809648214
1436,70,117,0.240229419095236
1463,70,29,0.030028677386905
1462,70,46,0.030028677386905
1457,70,66,0.180172064321427
1442,70,98,0.315301112562497
1467,70,44,0.120114709547618
1458,70,104,0.165157725627975
1466,70,38,0.030028677386905
1460,70,91,0.375358467336306
1464,70,92,0.27025809648214
1459,70,110,0.225215080401784
1470,70,22,0
1461,70,106,0.360344128642854
1469,70,52,0.180172064321427
1471,70,36,0.105100370854166
1475,70,22,0
1474,70,27,0.015014338693452
1479,70,22,0
1476,70,30,0.015014338693452
1465,70,86,0.285272435175593
1480,70,38,0.015014338693452
1477,70,52,0.045043016080357
1472,70,58,0.210200741708331
1468,70,101,0.390372806029758
1484,70,22,0
1482,70,39,0.075071693467261
1473,70,101,0.300286773869045
1486,70,41,0.060057354773809
1489,70,26,0.030028677386905
1487,70,41,0.045043016080357
1478,70,70,0.225215080401784
1483,70,68,0.165157725627975
1490,70,53,0.060057354773809
1488,70,72,0.225215080401784
1485,70,82,0.255243757788688
1494,70,49,0.075071693467261
1481,70,117,0.46544449949702
1498,70,22,0
1496,70,39,0.165157725627975
1495,70,42,0.075071693467261
1503,75,22,0
1501,75,34,0.018017206432143
1502,75,37,0.054051619296428
1504,75,35,0.090086032160714
1497,70,65,0.120114709547618
1507,75,27,0.018017206432143
1505,75,22,0
1506,75,26,0.018017206432143
1500,70,70,0.075071693467261
1493,70,90,0.300286773869045
1508,75,48,0.108103238592856
1511,75,42,0.108103238592856
1512,75,25,0.018017206432143
1499,70,113,0.315301112562497
1513,75,22,0
1491,70,153,0.360344128642854
1509,75,46,0.036034412864285
1492,70,143,0.495473176883924
1514,75,22,0
1517,75,25,0.036034412864285
1519,75,25,0.018017206432143
1510,75,71,0.216206477185712
1515,75,26,0.018017206432143
1521,75,37,0.072068825728571
1516,75,41,0.018017206432143
1522,75,22,0.018017206432143
1524,75,22,0
1529,75,22,0
1528,75,29,0.018017206432143
1526,75,22,0.018017206432143
1530,75,22,0
1520,75,64,0.360344128642854
1518,75,60,0.072068825728571
1523,75,56,0.108103238592856
1525,75,53,0.090086032160714
1535,75,22,0
1534,75,37,0.144137651457142
1539,75,27,0.018017206432143
1538,75,23,0.018017206432143
1532,75,86,0.144137651457142
1536,75,61,0.252240890049998
1540,75,22,0
1531,75,101,0.288275302914283
1544,75,22,0
1542,75,46,0.108103238592856
1537,75,84,0.19818927075357
1533,75,81,0.126120445024999
1545,75,39,0.036034412864285
1527,75,125,0.324309715778568
1546,75,43,0.144137651457142
1547,75,28,0.018017206432143
1548,75,46,0.144137651457142
1549,75,26,0.018017206432143
1541,75,78,0.144137651457142
1543,75,39,0.018017206432143
1554,75,24,0.018017206432143
1552,75,43,0.090086032160714
1551,75,36,0.108103238592856
1556,75,22,0
1550,75,48,0.180172064321427
1553,75,40,0.054051619296428
1555,75,50,0.126120445024999
1560,75,31,0.018017206432143
1561,75,39,0.054051619296428
1565,75,22,0
1567,75,25,0.018017206432143
1568,75,27,0.018017206432143
1559,75,50,0.072068825728571
1563,75,54,0.108103238592856
1564,75,50,0.036034412864285
1566,75,41,0.018017206432143
1558,75,59,0.144137651457142
1573,75,22,0
1562,75,63,0.090086032160714
1557,75,100,0.19818927075357
1575,75,27,0.036034412864285
1571,75,40,0.126120445024999
1576,75,22,0
1579,75,22,0
1569,75,48,0.234223683617855
1580,75,23,0.018017206432143
1577,75,41,0.054051619296428
1578,75,37,0.018017206432143
1574,75,74,0.234223683617855
1582,75,34,0.018017206432143
1572,75,66,0.216206477185712
1585,75,22,0
1570,75,105,0.27025809648214
1590,75,22,0
1583,75,48,0.072068825728571
1586,75,40,0.054051619296428
1587,75,55,0.036034412864285
1584,75,53,0.108103238592856
1589,75,49,0.072068825728571
1581,75,87,0.126120445024999
1595,75,22,0
1591,75,47,0.054051619296428
1594,75,29,0.036034412864285
1596,75,27,0.018017206432143
1600,75,32,0.054051619296428
1592,75,58,0.090086032160714
1593,75,62,0.126120445024999
1588,75,100,0.342326922210711
1597,75,42,0.036034412864285
1599,75,57,0.144137651457142
1598,75,59,0.090086032160714
